082700,QD,1985,11,01,0.6156
082700,QD,1985,11,08,0.61
082700,QD,1985,11,15,0.2424
082700,QD,1985,11,22,0.1644
082700,QD,1985,11,29,0.3506
082700,QD,1985,12,06,0.3517
082700,QD,1985,12,13,0.992
082700,QD,1985,12,20,0.2079
082700,QD,1985,12,27,0.1416
082700,QD,1986,01,03,0.174
082700,QD,1986,01,10,0.2487
082700,QD,1986,01,17,0.4317
082700,QD,1986,01,24,0.2716
082700,QD,1986,01,31,0.3001
082700,QD,1986,02,07,0.268
082700,QD,1986,02,14,0.2486
082700,QD,1986,02,21,0.1696
082700,QD,1986,02,28,0.127
082700,QD,1986,03,07,0.1673
082700,QD,1986,03,14,0.239
082700,QD,1986,03,21,0.2681
082700,QD,1986,03,28,0.8479
082700,QD,1986,04,04,1.7484
082700,QD,1986,04,11,0.4783
082700,QD,1986,04,18,1.1461
082700,QD,1986,04,25,0.7887
082700,QD,1986,05,02,0.2884
082700,QD,1986,05,09,0.2297
082700,QD,1986,05,16,0.2089
082700,QD,1986,05,23,0.2701
082700,QD,1986,05,30,0.621
082700,QD,1986,06,06,0.48
082700,QD,1986,06,13,0.2289
082700,QD,1986,06,20,0.1704
082700,QD,1986,06,27,0.1363
082700,QD,1986,07,04,0.1523
082700,QD,1986,07,11,0.1363
082700,QD,1986,07,18,0.1661
082700,QD,1986,07,25,0.3436
082700,QD,1986,08,01,0.1564
082700,QD,1986,08,08,0.1954
082700,QD,1986,08,15,0.2277
082700,QD,1986,08,22,0.535
082700,QD,1986,08,29,0.3929
082700,QD,1986,09,05,0.2333
082700,QD,1986,09,12,0.2831
082700,QD,1986,09,19,0.2129
082700,QD,1986,09,26,0.1644
082700,QD,1986,10,03,0.2409
082700,QD,1986,10,10,0.1877
082700,QD,1986,10,17,0.861
082700,QD,1986,10,24,0.2534
082700,QD,1986,10,31,0.4633
082700,QD,1986,11,07,0.2457
082700,QD,1986,11,14,0.1626
082700,QD,1986,11,21,0.2377
082700,QD,1986,11,28,0.1406
082700,QD,1986,12,05,0.137
082700,QD,1986,12,12,0.1
082700,QD,1986,12,19,0.1
082700,QD,1986,12,26,0.1757
082700,QD,1987,01,02,0.1861
082700,QD,1987,01,09,0.1231
082700,QD,1987,01,16,0.1
082700,QD,1987,01,23,0.1
082700,QD,1987,01,30,0.1
082700,QD,1987,02,06,0.1393
082700,QD,1987,02,13,0.252
082700,QD,1987,02,20,0.1446
082700,QD,1987,02,27,0.1
082700,QD,1987,03,06,0.1
082700,QD,1987,03,13,0.087
082700,QD,1987,03,20,0.1296
082700,QD,1987,03,27,0.6084
082700,QD,1987,04,03,1.7047
082700,QD,1987,04,10,2.0986
082700,QD,1987,04,17,2.38
082700,QD,1987,04,24,1.89
082700,QD,1987,05,01,1.1971
082700,QD,1987,05,08,0.5123
082700,QD,1987,05,15,0.3606
082700,QD,1987,05,22,0.3764
082700,QD,1987,05,29,0.3143
082700,QD,1987,06,05,0.3774
082700,QD,1987,06,12,0.2607
082700,QD,1987,06,19,0.3649
082700,QD,1987,06,26,0.2056
082700,QD,1987,07,03,0.175
082700,QD,1987,07,10,0.1529
082700,QD,1987,07,17,0.1633
082700,QD,1987,07,24,0.2837
082700,QD,1987,07,31,0.7257
082700,QD,1987,08,07,0.2366
082700,QD,1987,08,14,0.3613
082700,QD,1987,08,21,0.2493
082700,QD,1987,08,28,0.4927
082700,QD,1987,09,04,0.2173
082700,QD,1987,09,11,0.1699
082700,QD,1987,09,18,0.2237
082700,QD,1987,09,25,0.19
082700,QD,1987,10,02,0.151
082700,QD,1987,10,09,0.131
082700,QD,1987,10,16,0.1457
082700,QD,1987,10,23,0.127
082700,QD,1987,10,30,0.1501
082700,QD,1987,11,06,0.1581
082700,QD,1987,11,13,1.1536
082700,QD,1987,11,20,0.7474
082700,QD,1987,11,27,0.2409
082700,QD,1987,12,04,0.177
082700,QD,1987,12,11,0.1616
082700,QD,1987,12,18,1.8086
082700,QD,1987,12,25,0.6501
082700,QD,1988,01,01,0.5646
082700,QD,1988,01,08,0.1849
082700,QD,1988,01,15,0.1566
082700,QD,1988,01,22,0.1597
082700,QD,1988,01,29,0.1581
082700,QD,1988,02,05,0.1613
082700,QD,1988,02,12,0.1451
082700,QD,1988,02,19,0.14
082700,QD,1988,02,26,0.14
082700,QD,1988,03,04,0.144
082700,QD,1988,03,11,0.1641
082700,QD,1988,03,18,0.1943
082700,QD,1988,03,25,0.2376
082700,QD,1988,04,01,0.8316
082700,QD,1988,04,08,1.2714
082700,QD,1988,04,15,2.822
082700,QD,1988,04,22,1.1824
082700,QD,1988,04,29,1.4453
082700,QD,1988,05,06,0.3733
082700,QD,1988,05,13,0.2151
082700,QD,1988,05,20,0.174
082700,QD,1988,05,27,0.1551
082700,QD,1988,06,03,0.2913
082700,QD,1988,06,10,0.1843
082700,QD,1988,06,17,0.1343
082700,QD,1988,06,24,0.226
082700,QD,1988,07,01,0.1934
082700,QD,1988,07,08,0.2133
082700,QD,1988,07,15,0.3269
082700,QD,1988,07,22,0.3423
082700,QD,1988,07,29,0.2123
082700,QD,1988,08,05,0.1623
082700,QD,1988,08,12,0.13
082700,QD,1988,08,19,0.1651
082700,QD,1988,08,26,0.2709
082700,QD,1988,09,02,0.5124
082700,QD,1988,09,09,0.162
082700,QD,1988,09,16,0.198
082700,QD,1988,09,23,0.3634
082700,QD,1988,09,30,0.2369
082700,QD,1988,10,07,0.3013
082700,QD,1988,10,14,0.1706
082700,QD,1988,10,21,0.1343
082700,QD,1988,10,28,0.1314
082700,QD,1988,11,04,0.1114
082700,QD,1988,11,11,0.1729
082700,QD,1988,11,18,0.2354
082700,QD,1988,11,25,0.4396
082700,QD,1988,12,02,0.2134
082700,QD,1988,12,09,0.8534
082700,QD,1988,12,16,0.1791
082700,QD,1988,12,23,0.6189
082700,QD,1988,12,30,0.3537
082700,QD,1989,01,06,0.5326
082700,QD,1989,01,13,0.2289
082700,QD,1989,01,20,0.1877
082700,QD,1989,01,27,0.1603
082700,QD,1989,02,03,0.1569
082700,QD,1989,02,10,0.1877
082700,QD,1989,02,17,0.8859
082700,QD,1989,02,24,0.6834
082700,QD,1989,03,03,0.4069
082700,QD,1989,03,10,0.7914
082700,QD,1989,03,17,1.4023
082700,QD,1989,03,24,0.8117
082700,QD,1989,03,31,1.179
082700,QD,1989,04,07,0.9931
082700,QD,1989,04,14,0.4237
082700,QD,1989,04,21,0.2649
082700,QD,1989,04,28,0.3706
082700,QD,1989,05,05,0.2969
082700,QD,1989,05,12,0.26
082700,QD,1989,05,19,0.1574
082700,QD,1989,05,26,0.1357
082700,QD,1989,06,02,0.1889
082700,QD,1989,06,09,0.1637
082700,QD,1989,06,16,0.2463
082700,QD,1989,06,23,0.1129
082700,QD,1989,06,30,0.11
082700,QD,1989,07,07,0.2334
082700,QD,1989,07,14,0.2911
082700,QD,1989,07,21,0.1363
082700,QD,1989,07,28,0.2556
082700,QD,1989,08,04,0.2564
082700,QD,1989,08,11,0.15
082700,QD,1989,08,18,0.1243
082700,QD,1989,08,25,0.6394
082700,QD,1989,09,01,0.2604
082700,QD,1989,09,08,0.142
082700,QD,1989,09,15,0.3357
082700,QD,1989,09,22,0.1723
082700,QD,1989,09,29,0.1843
082700,QD,1989,10,06,0.26
082700,QD,1989,10,13,0.2351
082700,QD,1989,10,20,0.1586
082700,QD,1989,10,27,0.6537
082700,QD,1991,11,03,0.2701
082700,QD,1991,11,10,0.2047
082700,QD,1991,11,17,0.1701
082700,QD,1991,11,24,0.3377
082700,QD,1991,12,01,0.2079
082700,QD,1991,12,08,0.198
082700,QD,1991,12,15,0.1856
082700,QD,1991,12,22,0.2283
082700,QD,1991,12,29,0.2313
082700,QD,1992,01,05,1.1299
082700,QD,1992,01,12,0.4887
082700,QD,1992,01,19,0.3449
082700,QD,1992,01,26,0.2913
082700,QD,1992,02,02,1.985
082700,QD,1992,02,09,0.7769
082700,QD,1992,02,16,0.4431
082700,QD,1992,02,23,0.3244
082700,QD,1992,03,01,0.2224
082700,QD,1992,03,08,0.359
082700,QD,1992,03,15,0.4396
082700,QD,1992,03,22,0.5944
082700,QD,1992,03,29,0.5216
082700,QD,1992,04,05,0.6141
082700,QD,1992,04,12,1.0231
082700,QD,1992,04,19,1.7043
082700,QD,1992,04,26,2.3914
082700,QD,1992,05,03,1.267
082700,QD,1992,05,10,0.616
082700,QD,1992,05,17,0.3273
082700,QD,1992,05,24,0.2524
082700,QD,1992,05,31,0.221
082700,QD,1992,06,07,0.221
082700,QD,1992,06,14,0.221
082700,QD,1992,06,21,0.7219
082700,QD,1992,06,28,0.2056
082700,QD,1992,07,05,0.1866
082700,QD,1992,07,12,0.1989
082700,QD,1992,07,19,0.1493
082700,QD,1992,07,26,0.155
082700,QD,1992,08,02,0.1493
082700,QD,1992,08,09,0.1437
082700,QD,1992,08,16,0.1566
082700,QD,1992,08,23,0.158
082700,QD,1992,08,30,0.1679
082700,QD,1992,09,06,0.21
082700,QD,1992,09,13,0.1493
082700,QD,1992,09,20,0.1241
082700,QD,1992,09,27,0.1109
082700,QD,1992,10,04,0.1006
082700,QD,1992,10,11,0.098
082700,QD,1992,10,18,0.1219
082700,QD,1992,10,25,0.5114
082700,QD,1992,11,01,0.4073
082700,QD,1992,11,08,0.331
082700,QD,1992,11,15,0.2113
082700,QD,1992,11,22,0.7096
082700,QD,1992,11,29,0.3486
082700,QD,1992,12,06,0.2686
082700,QD,1992,12,13,0.2569
082700,QD,1992,12,20,0.1579
082700,QD,1992,12,27,0.156
082700,QD,1993,01,03,0.3239
082700,QD,1993,01,10,1.3399
082700,QD,1993,01,17,0.8036
082700,QD,1993,01,24,0.292
082700,QD,1993,01,31,0.1556
082700,QD,1993,02,07,0.1491
082700,QD,1993,02,14,0.1453
082700,QD,1993,02,21,0.145
082700,QD,1993,02,28,0.1359
082700,QD,1993,03,07,0.129
082700,QD,1993,03,14,1.4886
082700,QD,1993,03,21,0.8749
082700,QD,1993,03,28,0.3013
082700,QD,1993,04,04,0.3317
082700,QD,1993,04,11,0.6366
082700,QD,1993,04,18,1.8391
082700,QD,1993,04,25,0.407
082700,QD,1993,05,02,0.2503
082700,QD,1993,05,09,0.2387
082700,QD,1993,05,16,0.2036
082700,QD,1993,05,23,0.2596
082700,QD,1993,05,30,0.2209
082700,QD,1993,06,06,0.1794
082700,QD,1993,06,13,0.303
082700,QD,1993,06,20,0.2361
082700,QD,1993,06,27,0.2827
082700,QD,1993,07,04,0.3471
082700,QD,1993,07,11,0.76
082700,QD,1993,07,18,0.5333
082700,QD,1993,07,25,0.564
082700,QD,1993,08,01,0.2671
082700,QD,1993,08,08,0.2464
082700,QD,1993,08,15,0.1903
082700,QD,1993,08,22,0.15
082700,QD,1993,08,29,1.0276
082700,QD,1993,09,05,0.4319
082700,QD,1993,09,12,0.2443
082700,QD,1993,09,19,0.199
082700,QD,1993,09,26,0.2727
082700,QD,1993,10,03,0.2404
082700,QD,1993,10,10,0.2404
082700,QD,1993,10,17,0.3021
082700,QD,1993,10,24,0.3534
082700,QD,1993,10,31,0.2381
082700,QD,1993,11,07,0.2883
082700,QD,1993,11,14,0.2271
082700,QD,1993,11,21,0.2124
082700,QD,1993,11,28,0.2356
082700,QD,1993,12,05,0.5157
082700,QD,1993,12,12,0.3877
082700,QD,1993,12,19,0.7197
082700,QD,1993,12,26,0.6319
082700,QD,1994,01,02,0.393
082700,QD,1994,01,09,0.713
082700,QD,1994,01,16,0.3609
082700,QD,1994,01,23,0.4124
082700,QD,1994,01,30,0.3143
082700,QD,1994,02,06,0.2976
082700,QD,1994,02,13,0.2827
082700,QD,1994,02,20,0.2437
082700,QD,1994,02,27,0.326
082700,QD,1994,03,06,0.7761
082700,QD,1994,03,13,1.0877
082700,QD,1994,03,20,1.527
082700,QD,1994,03,27,1.8261
082700,QD,1994,04,03,0.9111
082700,QD,1994,04,10,0.8279
082700,QD,1994,04,17,1.418
082700,QD,1994,04,24,1.0219
082700,QD,1994,05,01,0.5399
082700,QD,1994,05,08,0.3834
082700,QD,1994,05,15,0.4714
082700,QD,1994,05,22,0.4403
082700,QD,1994,05,29,0.3174
082700,QD,1994,06,05,0.4521
082700,QD,1994,06,12,0.2901
082700,QD,1994,06,19,0.2419
082700,QD,1994,06,26,0.2214
082700,QD,1994,07,03,0.2277
082700,QD,1994,07,10,0.2393
082700,QD,1994,07,17,0.2129
082700,QD,1994,07,24,0.1731
082700,QD,1994,07,31,0.1561
082700,QD,1994,08,07,0.235
082700,QD,1994,08,14,0.4711
082700,QD,1994,08,21,0.5387
082700,QD,1994,08,28,0.396
082700,QD,1994,09,04,0.3336
082700,QD,1994,09,11,0.2963
082700,QD,1994,09,18,0.2693
082700,QD,1994,09,25,0.2836
082700,QD,1994,10,02,0.4139
082700,QD,1994,10,09,0.2646
082700,QD,1994,10,16,0.228
082700,QD,1994,10,23,0.2626
082700,QD,1994,10,30,0.6686
082700,QD,1994,11,06,0.2454
082700,QD,1994,11,13,0.6323
082700,QD,1994,11,20,0.7333
082700,QD,1994,11,27,0.473
082700,QD,1994,12,04,0.3484
082700,QD,1994,12,11,1.0056
082700,QD,1994,12,18,0.3203
082700,QD,1994,12,25,1.4469
082700,QD,1995,01,01,0.3421
082700,QD,1995,01,08,0.337
082700,QD,1995,01,15,0.3766
082700,QD,1995,01,22,0.4934
082700,QD,1995,01,29,0.4934
082700,QD,1995,02,05,0.543
082700,QD,1995,02,12,0.4717
082700,QD,1995,02,19,0.4839
082700,QD,1995,02,26,0.3583
082700,QD,1995,03,05,0.3359
082700,QD,1995,03,12,0.323
082700,QD,1995,03,19,0.3276
082700,QD,1995,03,26,0.4027
082700,QD,1995,04,02,2.4071
082700,QD,1995,04,09,0.4053
082700,QD,1995,04,16,2.1337
082700,QD,1995,04,23,1.6429
082700,QD,1995,04,30,0.3929
082700,QD,1995,05,07,0.5066
082700,QD,1995,05,14,1.028
082700,QD,1995,05,21,0.3397
082700,QD,1995,05,28,0.4416
082700,QD,1995,06,04,0.3413
082700,QD,1995,06,11,0.7129
082700,QD,1995,06,18,0.3733
082700,QD,1995,06,25,0.3559
082700,QD,1995,07,02,0.2647
082700,QD,1995,07,09,0.2781
082700,QD,1995,07,16,0.2689
082700,QD,1995,07,23,0.2306
082700,QD,1995,07,30,0.209
082700,QD,1995,08,06,0.221
082700,QD,1995,08,13,0.2396
082700,QD,1995,08,20,0.2229
082700,QD,1995,08,27,1.2751
082700,QD,1995,09,03,0.3313
082700,QD,1995,09,10,0.3337
082700,QD,1995,09,17,0.3957
082700,QD,1995,09,24,0.5653
082700,QD,1995,10,01,0.3366
082700,QD,1995,10,08,0.1783
082700,QD,1995,10,15,0.176
082700,QD,1995,10,22,0.176
082700,QD,1995,10,29,0.1964
082700,QD,1995,11,05,0.2214
082700,QD,1995,11,12,0.6356
082700,QD,1995,11,19,0.2493
082700,QD,1995,11,26,0.192
082700,QD,1995,12,03,0.163
082700,QD,1995,12,10,0.1713
082700,QD,1995,12,17,0.2256
082700,QD,1995,12,24,0.5244
082700,QD,1995,12,31,0.1756
082700,QD,1996,01,07,0.1594
082700,QD,1996,01,14,0.1564
082700,QD,1996,01,21,0.145
082700,QD,1996,01,28,0.126
082700,QD,1996,02,04,0.133
082700,QD,1996,02,11,0.1467
082700,QD,1996,02,18,0.1839
082700,QD,1996,02,25,0.1317
082700,QD,1996,03,03,0.1149
082700,QD,1996,03,10,0.1243
082700,QD,1996,03,17,0.127
082700,QD,1996,03,24,0.186
082700,QD,1996,03,31,0.1491
082700,QD,1996,04,07,0.5681
082700,QD,1996,04,14,0.6797
082700,QD,1996,04,21,2.6571
082700,QD,1996,04,28,1.9007
082700,QD,1996,05,05,0.5381
082700,QD,1996,05,12,0.2784
082700,QD,1996,05,19,0.212
082700,QD,1996,05,26,0.5776
082700,QD,1996,06,02,0.2437
082700,QD,1996,06,09,0.5396
082700,QD,1996,06,16,0.2514
082700,QD,1996,06,23,0.4861
082700,QD,1996,06,30,0.3904
082700,QD,1996,07,07,1.3163
082700,QD,1996,07,14,0.3506
082700,QD,1996,07,21,0.2943
082700,QD,1996,07,28,0.296
082700,QD,1996,08,04,0.3066
082700,QD,1996,08,11,0.3907
082700,QD,1996,08,18,0.3803
082700,QD,1996,08,25,0.409
082700,QD,1996,09,01,0.7171
082700,QD,1996,09,08,0.9414
082700,QD,1996,09,15,0.6474
082700,QD,1996,09,22,0.4259
082700,QD,1996,09,29,0.3531
082700,QD,1996,10,06,0.3441
082700,QD,1996,10,13,0.4987
082700,QD,1996,10,20,0.898
082700,QD,1996,10,27,0.542
082700,QD,1996,11,03,0.5961
082700,QD,1996,11,10,0.507
082700,QD,1996,11,17,0.411
082700,QD,1996,11,24,0.338
082700,QD,1996,12,01,0.2426
082700,QD,1996,12,08,0.2089
082700,QD,1996,12,15,0.1777
082700,QD,1996,12,22,0.167
082700,QD,1996,12,29,0.16
082700,QD,1997,01,05,0.1551
082700,QD,1997,01,12,0.155
082700,QD,1997,01,19,0.155
082700,QD,1997,01,26,0.155
082700,QD,1997,02,02,0.155
082700,QD,1997,02,09,0.3056
082700,QD,1997,02,16,0.2597
082700,QD,1997,02,23,1.0181
082700,QD,1997,03,02,0.4059
082700,QD,1997,03,09,0.7096
082700,QD,1997,03,16,0.8547
082700,QD,1997,03,23,0.4857
082700,QD,1997,03,30,1.143
082700,QD,1997,04,06,0.6664
082700,QD,1997,04,13,0.5676
082700,QD,1997,04,20,1.0156
082700,QD,1997,04,27,3.1686
082700,QD,1997,05,04,0.9667
082700,QD,1997,05,11,0.3623
082700,QD,1997,05,18,0.608
082700,QD,1997,05,25,1.3521
082700,QD,1997,06,01,0.5829
082700,QD,1997,06,08,0.3743
082700,QD,1997,06,15,0.727
082700,QD,1997,06,22,0.348
082700,QD,1997,06,29,0.7864
082700,QD,1997,07,06,1.7973
082700,QD,1997,07,13,1.2053
082700,QD,1997,07,20,2.2147
082700,QD,1997,07,27,0.807
082700,QD,1997,08,03,0.2957
082700,QD,1997,08,10,0.2456
082700,QD,1997,08,17,0.2081
082700,QD,1997,08,24,0.5251
082700,QD,1997,08,31,0.252
082700,QD,1997,09,07,0.2171
082700,QD,1997,09,14,0.1917
082700,QD,1997,09,21,0.1629
082700,QD,1997,09,28,0.4849
082700,QD,1997,10,05,0.8897
082700,QD,1997,10,12,0.7059
082700,QD,1997,10,19,0.3049
082700,QD,1997,10,26,0.2037
082700,QD,1997,11,02,0.3866
082700,QD,1997,11,09,0.412
082700,QD,1997,11,16,0.1889
082700,QD,1997,11,23,0.1694
082700,QD,1997,11,30,0.2289
082700,QD,1997,12,07,0.9623
082700,QD,1997,12,14,0.3621
082700,QD,1997,12,21,0.9837
082700,QD,1997,12,28,0.3543
082700,QD,1998,01,04,0.9926
082700,QD,1998,01,11,0.5104
082700,QD,1998,01,18,0.2484
082700,QD,1998,01,25,0.2069
082700,QD,1998,02,01,0.1949
082700,QD,1998,02,08,1.2161
082700,QD,1998,02,15,1.2181
082700,QD,1998,02,22,0.8211
082700,QD,1998,03,01,1.0949
082700,QD,1998,03,08,0.8151
082700,QD,1998,03,15,1.0117
082700,QD,1998,03,22,0.3406
082700,QD,1998,03,29,0.9643
082700,QD,1998,04,05,0.5533
082700,QD,1998,04,12,0.9316
082700,QD,1998,04,19,0.5923
082700,QD,1998,04,26,0.231
082700,QD,1998,05,03,0.234
082700,QD,1998,05,10,0.1644
082700,QD,1998,05,17,0.1829
082700,QD,1998,05,24,0.1713
082700,QD,1998,05,31,0.1567
082700,QD,1998,06,07,0.2677
082700,QD,1998,06,14,0.1884
082700,QD,1998,06,21,0.4926
082700,QD,1998,06,28,0.2437
082700,QD,1998,07,05,1.1789
082700,QD,1998,07,12,0.442
082700,QD,1998,07,19,0.3197
082700,QD,1998,07,26,0.249
082700,QD,1998,08,02,0.1721
082700,QD,1998,08,09,0.2024
082700,QD,1998,08,16,0.1557
082700,QD,1998,08,23,0.833
082700,QD,1998,08,30,0.6011
082700,QD,1998,09,06,0.5407
082700,QD,1998,09,13,1.7004
082700,QD,1998,09,20,0.3246
082700,QD,1998,09,27,0.3373
082700,QD,1998,10,04,0.3416
082700,QD,1998,10,11,1.12
082700,QD,1998,10,18,0.3983
082700,QD,1998,10,25,1.5486
082700,QD,1998,11,01,1.5187
082700,QD,1998,11,08,0.9514
082700,QD,1998,11,15,0.4651
082700,QD,1998,11,22,0.3677
082700,QD,1998,11,29,0.3063
082700,QD,1998,12,06,0.2799
082700,QD,1998,12,13,0.8117
082700,QD,1998,12,20,0.3366
082700,QD,1998,12,27,0.3253
082700,QD,1999,01,03,0.6107
082700,QD,1999,01,10,0.3493
082700,QD,1999,01,17,0.2681
082700,QD,1999,01,24,0.405
082700,QD,1999,01,31,0.5294
082700,QD,1999,02,07,0.3847
082700,QD,1999,02,14,0.3049
082700,QD,1999,02,21,0.2997
082700,QD,1999,02,28,1.2291
082700,QD,1999,03,07,0.593
082700,QD,1999,03,14,0.3534
082700,QD,1999,03,21,0.6204
082700,QD,1999,03,28,1.9486
082700,QD,1999,04,04,2.1486
082700,QD,1999,04,11,1.4214
082700,QD,1999,04,18,1.1719
082700,QD,1999,04,25,1.2083
082700,QD,1999,05,02,0.6527
082700,QD,1999,05,09,0.7569
082700,QD,1999,05,16,0.555
082700,QD,1999,05,23,0.3303
082700,QD,1999,05,30,0.4396
082700,QD,1999,06,06,0.5026
082700,QD,1999,06,13,0.5527
082700,QD,1999,06,20,0.391
082700,QD,1999,06,27,0.2044
082700,QD,1999,07,04,0.9311
082700,QD,1999,07,11,0.3273
082700,QD,1999,07,18,0.1997
082700,QD,1999,07,25,0.174
082700,QD,1999,08,01,0.1481
082700,QD,1999,08,08,0.1586
082700,QD,1999,08,15,0.1646
082700,QD,1999,08,22,0.1407
082700,QD,1999,08,29,0.1477
082700,QD,1999,09,05,0.1269
082700,QD,1999,09,12,0.1017
082700,QD,1999,09,19,0.2004
082700,QD,1999,09,26,0.2807
082700,QD,1999,10,03,0.2906
082700,QD,1999,10,10,1.1343
082700,QD,1999,10,17,0.2039
082700,QD,1999,10,24,0.2993
082700,QD,1999,10,31,0.1746
082700,QD,1999,11,07,0.1771
082700,QD,1999,11,14,0.1467
082700,QD,1999,11,21,0.1311
082700,QD,1999,11,28,0.1824
082700,QD,1999,12,05,0.1671
082700,QD,1999,12,12,0.5374
082700,QD,1999,12,19,0.1721
082700,QD,1999,12,26,0.1571
082700,QD,2000,01,02,0.1423
082700,QD,2000,01,09,0.1309
082700,QD,2000,01,16,0.5669
082700,QD,2000,01,23,0.2091
082700,QD,2000,01,30,1.3606
082700,QD,2000,02,06,1.3193
082700,QD,2000,02,13,0.3244
082700,QD,2000,02,20,0.2706
082700,QD,2000,02,27,0.4694
082700,QD,2000,03,05,2.1416
082700,QD,2000,03,12,0.9087
082700,QD,2000,03,19,0.5356
082700,QD,2000,03,26,1.4853
082700,QD,2000,04,02,1.2977
082700,QD,2000,04,09,1.5491
082700,QD,2000,04,16,2.6229
082700,QD,2000,04,23,1.2923
082700,QD,2000,04,30,0.5069
082700,QD,2000,05,07,0.428
082700,QD,2000,05,14,0.3106
082700,QD,2000,05,21,0.5574
082700,QD,2000,05,28,0.2599
082700,QD,2000,06,04,0.2019
082700,QD,2000,06,11,0.1521
082700,QD,2000,06,18,0.1557
082700,QD,2000,06,25,0.1647
082700,QD,2000,07,02,0.3286
082700,QD,2000,07,09,0.5329
082700,QD,2000,07,16,1.1841
082700,QD,2000,07,23,0.3284
082700,QD,2000,07,30,0.9796
082700,QD,2000,08,06,0.1986
082700,QD,2000,08,13,0.1563
082700,QD,2000,08,20,0.1983
082700,QD,2000,08,27,0.1544
082700,QD,2000,09,03,0.8034
082700,QD,2000,09,10,0.1489
082700,QD,2000,09,17,0.1369
082700,QD,2000,09,24,0.118
082700,QD,2000,10,01,0.1649
082700,QD,2000,10,08,0.1966
082700,QD,2000,10,15,0.1109
082700,QD,2000,10,22,0.1157
082700,QD,2000,10,29,0.1243
082700,QD,2000,11,05,0.3607
082700,QD,2000,11,12,0.142
082700,QD,2000,11,19,0.1853
082700,QD,2000,11,26,0.3813
082700,QD,2000,12,03,0.1381
082700,QD,2000,12,10,0.7621
082700,QD,2000,12,17,0.2563
082700,QD,2000,12,24,0.1549
082700,QD,2000,12,31,0.1957
082700,QD,2001,01,07,0.2957
082700,QD,2001,01,14,0.1403
082700,QD,2001,01,21,0.1326
082700,QD,2001,01,28,0.1267
082700,QD,2001,02,04,0.6029
082700,QD,2001,02,11,0.2241
082700,QD,2001,02,18,0.1521
082700,QD,2001,02,25,0.1369
082700,QD,2001,03,04,0.1577
082700,QD,2001,03,11,1.3639
082700,QD,2001,03,18,0.8666
082700,QD,2001,03,25,0.8371
082700,QD,2001,04,01,1.5436
082700,QD,2001,04,08,1.0431
082700,QD,2001,04,15,0.4243
082700,QD,2001,04,22,1.026
082700,QD,2001,04,29,0.6389
082700,QD,2001,05,06,0.272
082700,QD,2001,05,13,0.2269
082700,QD,2001,05,20,0.1794
082700,QD,2001,05,27,0.377
082700,QD,2001,06,03,0.9643
082700,QD,2001,06,10,0.3601
082700,QD,2001,06,17,0.5984
082700,QD,2001,06,24,0.4793
082700,QD,2001,07,01,0.346
082700,QD,2001,07,08,0.36
082700,QD,2001,07,15,1.2579
082700,QD,2001,07,22,0.4534
082700,QD,2001,07,29,0.358
082700,QD,2001,08,05,0.3383
082700,QD,2001,08,12,0.1907
082700,QD,2001,08,19,0.2051
082700,QD,2001,08,26,0.2336
082700,QD,2001,09,02,0.9123
082700,QD,2001,09,09,1.8869
082700,QD,2001,09,16,0.8129
082700,QD,2001,09,23,0.3854
082700,QD,2001,09,30,0.5129
082700,QD,2001,10,07,0.2611
082700,QD,2001,10,14,0.2067
082700,QD,2001,10,21,0.2159
082700,QD,2001,10,28,0.3983
082700,QD,2001,11,04,0.9399
082700,QD,2001,11,11,0.3286
082700,QD,2001,11,18,0.2493
082700,QD,2001,11,25,0.1673
082700,QD,2001,12,02,0.131
082700,QD,2001,12,09,0.1237
082700,QD,2001,12,16,0.1201
082700,QD,2001,12,23,0.1194
082700,QD,2001,12,30,0.1163
082700,QD,2002,01,06,0.107
082700,QD,2002,01,13,0.1049
082700,QD,2002,01,20,0.5874
082700,QD,2002,01,27,1.6027
082700,QD,2002,02,03,0.8449
082700,QD,2002,02,10,2.2627
082700,QD,2002,02,17,0.3096
082700,QD,2002,02,24,0.8351
082700,QD,2002,03,03,0.606
082700,QD,2002,03,10,0.6093
082700,QD,2002,03,17,1.6234
082700,QD,2002,03,24,0.4717
082700,QD,2002,03,31,1.1113
082700,QD,2002,04,07,0.8336
082700,QD,2002,04,14,1.4586
082700,QD,2002,04,21,1.4871
082700,QD,2002,04,28,0.7471
082700,QD,2002,05,05,0.5297
082700,QD,2002,05,12,0.6073
082700,QD,2002,05,19,0.2393
082700,QD,2002,05,26,0.2271
082700,QD,2002,06,02,0.2751
082700,QD,2002,06,09,0.207
082700,QD,2002,06,16,0.1563
082700,QD,2002,06,23,0.1244
082700,QD,2002,06,30,0.223
082700,QD,2002,07,07,0.1849
082700,QD,2002,07,14,0.2549
082700,QD,2002,07,21,0.1414
082700,QD,2002,07,28,0.1324
082700,QD,2002,08,04,0.1406
082700,QD,2002,08,11,2.3793
082700,QD,2002,08,18,0.1907
082700,QD,2002,08,25,0.1894
082700,QD,2002,09,01,0.2361
082700,QD,2002,09,08,0.1467
082700,QD,2002,09,15,0.2706
082700,QD,2002,09,22,0.3513
082700,QD,2002,09,29,0.2076
082700,QD,2002,10,06,0.5203
082700,QD,2002,10,13,0.4314
082700,QD,2002,10,20,0.5953
082700,QD,2002,10,27,0.6417
082700,QD,2002,11,03,0.2929
082700,QD,2002,11,10,0.6236
082700,QD,2002,11,17,0.5186
082700,QD,2002,11,24,0.4731
082700,QD,2002,12,01,0.2976
082700,QD,2002,12,08,0.2119
082700,QD,2002,12,15,0.2014
082700,QD,2002,12,22,0.192
082700,QD,2002,12,29,0.5797
082700,QD,2003,01,05,0.2867
082700,QD,2003,01,12,0.339
082700,QD,2003,01,19,0.1923
082700,QD,2003,01,26,0.588
082700,QD,2003,02,02,0.1934
082700,QD,2003,02,09,0.1774
082700,QD,2003,02,16,0.167
082700,QD,2003,02,23,0.1589
082700,QD,2003,03,02,0.1563
082700,QD,2003,03,09,0.52
082700,QD,2003,03,16,0.2046
082700,QD,2003,03,23,0.5506
082700,QD,2003,03,30,0.5859
082700,QD,2003,04,06,0.2083
082700,QD,2003,04,13,0.8043
082700,QD,2003,04,20,0.8023
082700,QD,2003,04,27,0.4204
082700,QD,2003,05,04,0.2243
082700,QD,2003,05,11,0.2136
082700,QD,2003,05,18,0.2526
082700,QD,2003,05,25,0.1864
082700,QD,2003,06,01,0.1727
082700,QD,2003,06,08,0.1654
082700,QD,2003,06,15,0.1603
082700,QD,2003,06,22,0.1574
082700,QD,2003,06,29,0.1759
082700,QD,2003,07,06,0.164
082700,QD,2003,07,13,0.1664
082700,QD,2003,07,20,0.144
082700,QD,2003,07,27,0.1529
082700,QD,2003,08,03,0.1326
082700,QD,2003,08,10,0.1319
082700,QD,2003,08,17,0.1329
082700,QD,2003,08,24,0.1131
082700,QD,2003,08,31,0.1331
082700,QD,2003,09,07,0.1591
082700,QD,2003,09,14,0.1513
082700,QD,2003,09,21,0.1151
082700,QD,2003,09,28,0.1181
082700,QD,2003,10,05,0.9424
082700,QD,2003,10,12,0.1803
082700,QD,2003,10,19,0.1133
082700,QD,2003,10,26,0.1125
082700,QD,2003,11,02,0.1589
082700,QD,2003,11,09,0.1051
082700,QD,2003,11,16,0.341
082700,QD,2003,11,23,0.1116
082700,QD,2003,11,30,0.124
082700,QD,2003,12,07,0.1214
082700,QD,2003,12,14,0.863
082700,QD,2003,12,21,0.1517
082700,QD,2003,12,28,0.1074
082700,QD,2004,01,04,0.101
082700,QD,2004,01,11,0.104
082700,QD,2004,01,18,0.1019
082700,QD,2004,01,25,0.0989
082700,QD,2004,02,01,1.7464
082700,QD,2004,02,08,0.4191
082700,QD,2004,02,15,0.1581
082700,QD,2004,02,22,0.1384
082700,QD,2004,02,29,0.1296
082700,QD,2004,03,07,0.1203
082700,QD,2004,03,14,1.2329
082700,QD,2004,03,21,1.2781
082700,QD,2004,03,28,0.6537
082700,QD,2004,04,04,1.0229
082700,QD,2004,04,11,0.7966
082700,QD,2004,04,18,1.1723
082700,QD,2004,04,25,0.6343
082700,QD,2004,05,02,0.2673
082700,QD,2004,05,09,0.3649
082700,QD,2004,05,16,0.402
082700,QD,2004,05,23,0.3361
082700,QD,2004,05,30,0.2137
082700,QD,2004,06,06,0.2384
082700,QD,2004,06,13,0.3074
082700,QD,2004,06,20,0.17
082700,QD,2004,06,27,0.1393
082700,QD,2004,07,04,0.158
082700,QD,2004,07,11,0.1999
082700,QD,2004,07,18,0.3413
082700,QD,2004,07,25,0.2701
082700,QD,2004,08,01,0.1187
082700,QD,2004,08,08,0.1236
082700,QD,2004,08,15,0.3323
082700,QD,2004,08,22,0.3441
082700,QD,2004,08,29,0.2159
082700,QD,2004,09,05,0.1147
082700,QD,2004,09,12,0.1293
082700,QD,2004,09,19,0.367
082700,QD,2004,09,26,0.3786
082700,QD,2004,10,03,0.2226
082700,QD,2004,10,10,0.1686
082700,QD,2004,10,17,0.2747
082700,QD,2004,10,24,0.1617
082700,QD,2004,10,31,0.1451
082700,QD,2004,11,07,0.4049
082700,QD,2004,11,14,1.5013
082700,QD,2004,11,21,0.6096
082700,QD,2004,11,28,0.2633
082700,QD,2004,12,05,0.1969
082700,QD,2004,12,12,0.1673
082700,QD,2004,12,19,0.2359
082700,QD,2004,12,26,0.3029
082700,QD,2005,01,02,0.3606
082700,QD,2005,01,09,0.3369
082700,QD,2005,01,16,0.2093
082700,QD,2005,01,23,0.1983
082700,QD,2005,01,30,0.171
082700,QD,2005,02,06,0.169
082700,QD,2005,02,13,0.3564
082700,QD,2005,02,20,0.1647
082700,QD,2005,02,27,0.1511
082700,QD,2005,03,06,0.1419
082700,QD,2005,03,13,1.2771
082700,QD,2005,03,20,0.8271
082700,QD,2005,03,27,0.9931
082700,QD,2005,04,03,1.9971
082700,QD,2005,04,10,1.6043
082700,QD,2005,04,17,1.8506
082700,QD,2005,04,24,1.0477
082700,QD,2005,05,01,0.9094
082700,QD,2005,05,08,0.924
082700,QD,2005,05,15,0.7243
082700,QD,2005,05,22,0.392
082700,QD,2005,05,29,0.3053
082700,QD,2005,06,05,0.9086
082700,QD,2005,06,12,0.2723
082700,QD,2005,06,19,0.1949
082700,QD,2005,06,26,0.4754
082700,QD,2005,07,03,0.511
082700,QD,2005,07,10,0.2481
082700,QD,2005,07,17,0.6854
082700,QD,2005,07,24,0.3231
082700,QD,2005,07,31,0.3966
082700,QD,2005,08,07,0.3656
082700,QD,2005,08,14,0.2374
082700,QD,2005,08,21,0.9953
082700,QD,2005,08,28,0.2197
082700,QD,2005,09,04,0.1843
082700,QD,2005,09,11,0.4903
082700,QD,2005,09,18,0.2083
082700,QD,2005,09,25,0.2807
082700,QD,2005,10,02,0.2171
082700,QD,2005,10,09,0.1614
082700,QD,2005,10,16,0.1496
082700,QD,2005,10,23,0.1581
082700,QD,2005,10,30,0.1404
082700,QD,2005,11,06,0.1363
082700,QD,2005,11,13,0.1354
082700,QD,2005,11,20,0.1397
082700,QD,2005,11,27,0.134
082700,QD,2005,12,04,0.1343
082700,QD,2005,12,11,0.1353
082700,QD,2005,12,18,0.1427
082700,QD,2005,12,25,0.1733
082700,QD,2006,01,01,0.141
082700,QD,2006,01,08,0.1331
082700,QD,2006,01,15,0.1289
082700,QD,2006,01,22,0.123
082700,QD,2006,01,29,0.1186
082700,QD,2006,02,05,0.1149
082700,QD,2006,02,12,0.113
082700,QD,2006,02,19,0.11
082700,QD,2006,02,26,0.109
082700,QD,2006,03,05,0.1064
082700,QD,2006,03,12,0.1027
082700,QD,2006,03,19,0.1027
082700,QD,2006,03,26,2.2284
082700,QD,2006,04,02,1.4526
082700,QD,2006,04,09,0.6939
082700,QD,2006,04,16,2.5886
082700,QD,2006,04,23,2.4786
082700,QD,2006,04,30,1.3657
082700,QD,2006,05,07,0.7246
082700,QD,2006,05,14,0.4699
082700,QD,2006,05,21,0.3587
082700,QD,2006,05,28,0.6921
082700,QD,2006,06,04,0.3344
082700,QD,2006,06,11,0.2127
082700,QD,2006,06,18,0.2669
082700,QD,2006,06,25,0.2109
082700,QD,2006,07,02,0.1459
082700,QD,2006,07,09,0.1389
082700,QD,2006,07,16,0.1147
082700,QD,2006,07,23,0.1083
082700,QD,2006,07,30,0.2249
082700,QD,2006,08,06,3.3273
082700,QD,2006,08,13,0.1457
082700,QD,2007,07,24,0.297
082700,QD,2007,07,31,0.1899
082700,QD,2007,08,07,0.1279
082700,QD,2007,08,14,0.1116
082700,QD,2007,08,21,0.1399
082700,QD,2007,08,28,0.1381
082700,QD,2007,09,04,0.7801
082700,QD,2007,09,11,0.5243
082700,QD,2007,09,18,0.182
082700,QD,2007,09,25,0.4979
082700,QD,2007,10,02,0.1463
082700,QD,2007,10,09,0.1277
082700,QD,2007,10,16,0.2099
082700,QD,2007,10,23,0.322
082700,QD,2007,10,30,0.334
082700,QD,2007,11,06,0.5201
082700,QD,2007,11,13,0.1904
082700,QD,2007,11,20,0.1824
082700,QD,2007,11,27,0.6467
082700,QD,2007,12,04,1.2496
082700,QD,2007,12,11,0.2324
082700,QD,2007,12,18,0.179
082700,QD,2007,12,25,0.1593
082700,QD,2008,01,01,0.1481
082700,QD,2008,01,08,0.1444
082700,QD,2008,01,15,1.3413
082700,QD,2008,01,22,1.0
082700,QD,2008,01,29,0.3707
082700,QD,2008,02,05,0.4377
082700,QD,2008,02,12,0.1801
082700,QD,2008,02,19,0.358
082700,QD,2008,02,26,1.808
082700,QD,2008,03,04,0.3164
082700,QD,2008,03,11,0.5396
082700,QD,2008,03,18,0.3051
082700,QD,2008,03,25,0.266
082700,QD,2008,04,01,0.8666
082700,QD,2008,04,08,1.2379
082700,QD,2008,04,15,1.0063
082700,QD,2008,04,22,0.8843
082700,QD,2008,04,29,0.4701
082700,QD,2008,05,06,0.2261
082700,QD,2008,05,13,0.1973
082700,QD,2008,05,20,0.2303
082700,QD,2008,05,27,0.159
082700,QD,2008,06,03,0.1453
082700,QD,2008,06,10,0.1356
082700,QD,2008,06,17,0.128
082700,QD,2008,06,24,0.1316
082700,QD,2008,07,01,0.1291
082700,QD,2008,07,08,0.2004
082700,QD,2008,07,15,0.1339
082700,QD,2008,07,22,0.1319
082700,QD,2008,07,29,0.1131
082700,QD,2008,08,05,0.111
082700,QD,2008,08,12,0.2479
082700,QD,2008,08,19,0.3321
082700,QD,2008,08,26,0.144
082700,QD,2008,09,02,0.1143
082700,QD,2008,09,09,0.1096
082700,QD,2008,09,16,0.111
082700,QD,2008,09,23,0.1331
082700,QD,2008,09,30,0.4241
082700,QD,2008,10,07,0.1267
082700,QD,2008,10,14,0.252
082700,QD,2008,10,21,0.158
082700,QD,2008,10,28,0.9804
082700,QD,2008,11,04,0.318
082700,QD,2008,11,11,0.1543
082700,QD,2008,11,18,0.5714
082700,QD,2008,11,25,0.1946
082700,QD,2008,12,02,0.2963
082700,QD,2008,12,09,0.1587
082700,QD,2008,12,16,0.4224
082700,QD,2008,12,23,0.2917
082700,QD,2008,12,30,0.152
082700,QD,2009,01,06,0.141
082700,QD,2009,01,13,0.1343
082700,QD,2009,01,20,0.1314
082700,QD,2009,01,27,0.1256
082700,QD,2009,02,03,0.1291
082700,QD,2009,02,10,0.1281
082700,QD,2009,02,17,0.122
082700,QD,2009,02,24,0.1327
082700,QD,2009,03,03,0.426
082700,QD,2009,03,10,0.3227
082700,QD,2009,03,17,0.3487
082700,QD,2009,03,24,0.2927
082700,QD,2009,03,31,1.2117
082700,QD,2009,04,07,1.9929
082700,QD,2009,04,14,1.62
082700,QD,2009,04,21,1.1566
082700,QD,2009,04,28,0.6061
082700,QD,2009,05,05,0.4664
082700,QD,2009,05,12,0.303
082700,QD,2009,05,19,0.3019
082700,QD,2009,05,26,1.1796
082700,QD,2009,06,02,0.3359
082700,QD,2009,06,09,0.2253
082700,QD,2009,06,16,0.3514
082700,QD,2009,06,23,0.861
082700,QD,2009,06,30,0.363
082700,QD,2009,07,07,0.2466
082700,QD,2009,07,14,0.3216
082700,QD,2009,07,21,0.2844
082700,QD,2009,07,28,0.2037
082700,QD,2009,08,04,0.1759
082700,QD,2009,08,11,0.2141
082700,QD,2009,08,18,0.1609
082700,QD,2009,08,25,0.134
082700,QD,2009,09,01,0.1349
082700,QD,2009,09,08,0.1277
082700,QD,2009,09,15,0.1221
082700,QD,2009,09,22,0.1177
082700,QD,2009,09,29,0.1591
082700,QD,2009,10,06,0.3721
082700,QD,2009,10,13,0.3501
082700,QD,2009,10,20,0.759
082700,QD,2009,10,27,1.0171
082700,QD,2009,11,03,0.2643
082700,QD,2009,11,10,0.4099
082700,QD,2009,11,17,0.306
082700,QD,2009,11,24,0.3257
082700,QD,2009,12,01,0.2384
082700,QD,2009,12,08,0.4573
082700,QD,2009,12,15,0.1543
082700,QD,2009,12,22,0.2177
082700,QD,2009,12,29,0.2126
082700,QD,2010,01,05,0.1389
082700,QD,2010,01,12,0.1277
082700,QD,2010,01,19,0.1256
082700,QD,2010,01,26,0.1244
082700,QD,2010,02,02,0.1227
082700,QD,2010,02,09,0.1209
082700,QD,2010,02,16,0.1194
082700,QD,2010,02,23,0.1493
082700,QD,2010,03,02,0.1207
082700,QD,2010,03,09,0.1139
082700,QD,2010,03,16,0.7479
082700,QD,2010,03,23,1.8304
082700,QD,2010,03,30,1.0749
082700,QD,2010,04,06,0.6621
082700,QD,2010,04,13,0.8419
082700,QD,2010,04,20,0.3563
082700,QD,2010,04,27,0.329
082700,QD,2010,05,04,0.3923
082700,QD,2010,05,11,0.3
082700,QD,2010,05,18,0.5727
082700,QD,2010,05,25,0.3807
082700,QD,2010,06,01,0.8613
082700,QD,2010,06,08,0.277
082700,QD,2010,06,15,0.157
082700,QD,2010,06,22,0.1321
082700,QD,2010,06,29,0.1217
082700,QD,2010,07,06,0.1359
082700,QD,2010,07,13,0.145
082700,QD,2010,07,20,0.5254
082700,QD,2010,07,27,0.141
082700,QD,2010,08,03,1.8399
082700,QD,2010,08,10,0.4733
082700,QD,2010,08,17,0.4921
082700,QD,2010,08,24,0.9814
082700,QD,2010,08,31,0.642
082700,QD,2010,09,07,0.2091
082700,QD,2010,09,14,0.3726
082700,QD,2010,09,21,0.6561
082700,QD,2010,09,28,1.3974
082700,QD,2010,10,05,0.1709
082700,QD,2010,10,12,0.154
082700,QD,2010,10,19,0.1896
082700,QD,2010,10,26,0.1524
082700,QD,2010,11,02,0.5977
082700,QD,2010,11,09,0.6979
082700,QD,2010,11,16,0.3209
082700,QD,2010,11,23,0.363
082700,QD,2010,11,30,0.1629
082700,QD,2010,12,07,0.3173
082700,QD,2010,12,14,0.1736
082700,QD,2010,12,21,0.215
082700,QD,2010,12,28,0.161
082700,QD,2011,01,04,0.3596
082700,QD,2011,01,11,1.2109
082700,QD,2011,01,18,0.2707
082700,QD,2011,01,25,0.1879
082700,QD,2011,02,01,0.3037
082700,QD,2011,02,08,0.3931
082700,QD,2011,02,15,0.1879
082700,QD,2011,02,22,0.1573
082700,QD,2011,03,01,0.1474
082700,QD,2011,03,08,0.1506
082700,QD,2011,03,15,1.0551
082700,QD,2011,03,22,0.5066
082700,QD,2011,03,29,1.2306
082700,QD,2011,04,05,0.932
082700,QD,2011,04,12,0.5069
082700,QD,2011,04,19,0.4823
082700,QD,2011,04,26,0.1959
082700,QD,2011,05,03,0.2193
082700,QD,2011,05,10,0.1703
082700,QD,2011,05,17,0.1739
082700,QD,2011,05,24,0.14
082700,QD,2011,05,31,0.1339
082700,QD,2011,06,07,0.2957
082700,QD,2011,06,14,0.194
082700,QD,2011,06,21,0.196
082700,QD,2011,06,28,0.4711
082700,QD,2011,07,05,0.5463
082700,QD,2011,07,12,0.3753
082700,QD,2011,07,19,3.5171
082700,QD,2011,07,26,0.4911
082700,QD,2011,08,02,0.2434
082700,QD,2011,08,09,0.3839
082700,QD,2011,08,16,0.4993
082700,QD,2011,08,23,0.5301
082700,QD,2011,08,30,0.1764
082700,QD,2011,09,06,0.2367
082700,QD,2011,09,13,0.1594
082700,QD,2011,09,20,0.1581
082700,QD,2011,09,27,0.1447
082700,QD,2011,10,04,0.2121
082700,QD,2011,10,11,0.5254
082700,QD,2011,10,18,0.1831
082700,QD,2011,10,25,0.1734
082700,QD,2011,11,01,0.1451
082700,QD,2011,11,08,0.1369
082700,QD,2011,11,15,0.132
082700,QD,2011,11,22,0.1294
082700,QD,2011,11,29,0.2741
082700,QD,2011,12,06,0.2004
082700,QD,2011,12,13,0.2419
082700,QD,2011,12,20,0.3101
082700,QD,2011,12,27,0.5987
082700,QD,2012,01,03,0.5303
082700,QD,2012,01,10,0.4436
082700,QD,2012,01,17,0.2043
082700,QD,2012,01,24,0.1791
082700,QD,2012,01,31,0.1626
082700,QD,2012,02,07,0.1546
082700,QD,2012,02,14,0.1561
082700,QD,2012,02,21,1.2203
082700,QD,2012,02,28,1.282
082700,QD,2012,03,06,0.2831
082700,QD,2012,03,13,0.8889
082700,QD,2012,03,20,1.0286
082700,QD,2012,03,27,1.2159
082700,QD,2012,04,03,0.6781
082700,QD,2012,04,10,1.007
082700,QD,2012,04,17,1.0064
082700,QD,2012,04,24,2.4686
082700,QD,2012,05,01,1.058
082700,QD,2012,05,08,0.4443
082700,QD,2012,05,15,0.2534
082700,QD,2012,05,22,0.1943
082700,QD,2012,05,29,0.2936
082700,QD,2012,06,05,0.2509
082700,QD,2012,06,12,0.2953
082700,QD,2012,06,19,0.3221
082700,QD,2012,06,26,0.182
082700,QD,2012,07,03,0.7427
082700,QD,2012,07,10,0.1751
082700,QD,2012,07,17,0.3801
082700,QD,2012,07,24,0.4096
082700,QD,2012,07,31,0.3527
082700,QD,2012,08,07,0.1781
082700,QD,2012,08,14,0.1439
082700,QD,2012,08,21,0.142
082700,QD,2012,08,28,0.232
082700,QD,2012,09,04,0.1326
082700,QD,2012,09,11,0.1334
082700,QD,2012,09,18,0.1271
082700,QD,2012,09,25,0.1197
082700,QD,2012,10,02,0.14
082700,QD,2012,10,09,0.126
082700,QD,2012,10,16,0.1141
082700,QD,2012,10,23,0.1159
082700,QD,2012,10,30,0.3847
082700,QD,2012,11,06,0.4593
082700,QD,2012,11,13,0.13
082700,QD,2012,11,20,0.1214
082700,QD,2012,11,27,0.3297
082700,QD,2012,12,04,0.1281
082700,QD,2012,12,11,0.1221
082700,QD,2012,12,18,0.2284
082700,QD,2012,12,25,0.5921
082700,QD,2013,01,01,1.6941
082700,QD,2013,01,08,0.5337
082700,QD,2013,01,15,0.1734
082700,QD,2013,01,22,0.1484
082700,QD,2013,01,29,0.8391
082700,QD,2013,02,05,0.1617
082700,QD,2013,02,12,0.1421
082700,QD,2013,02,19,0.1423
082700,QD,2013,02,26,0.1574
082700,QD,2013,03,05,0.207
082700,QD,2013,03,12,0.1801
082700,QD,2013,03,19,0.1349
082700,QD,2013,03,26,0.1277
082700,QD,2013,04,02,0.124
082700,QD,2013,04,09,0.8469
082700,QD,2013,04,16,2.4143
082700,QD,2013,04,23,1.437
082700,QD,2013,04,30,0.6594
082700,QD,2013,05,07,0.5447
082700,QD,2013,05,14,0.2021
082700,QD,2013,05,21,0.1773
082700,QD,2013,05,28,2.4279
082700,QD,2013,06,04,0.8194
082700,QD,2013,06,11,0.2387
082700,QD,2013,06,18,0.1801
082700,QD,2013,06,25,2.1041
082700,QD,2013,07,02,0.2134
082700,QD,2013,07,09,0.2634
082700,QD,2013,07,16,0.1469
082700,QD,2013,07,23,0.1393
082700,QD,2013,07,30,0.2461
082700,QD,2013,08,06,0.183
082700,QD,2013,08,13,0.1281
082700,QD,2013,08,20,0.1253
082700,QD,2013,08,27,0.1269
082700,QD,2013,09,03,1.2976
082700,QD,2013,09,10,0.711
082700,QD,2013,09,17,0.7667
082700,QD,2013,09,24,0.898
082700,QD,2013,10,01,0.1674
082700,QD,2013,10,08,0.2244
082700,QD,2013,10,15,0.3379
082700,QD,2013,10,22,0.1617
082700,QD,2013,10,29,0.2967
082700,QD,2013,11,05,0.4761
082700,QD,2013,11,12,0.1693
082700,QD,2013,11,19,0.2017
082700,QD,2013,11,26,0.1583
082700,QD,2013,12,03,0.582
082700,QD,2013,12,10,1.0823
082700,QD,2013,12,17,0.1769
082700,QD,2013,12,24,0.4591
082700,QD,2013,12,31,0.2654
082700,QD,2014,01,07,0.3403
082700,QD,2014,01,14,0.1589
082700,QD,2014,01,21,0.1723
082700,QD,2014,01,28,0.1224
082700,QD,2014,02,04,0.1167
082700,QD,2014,02,11,0.112
082700,QD,2014,02,18,0.111
082700,QD,2014,02,25,0.1153
082700,QD,2014,03,04,0.1346
082700,QD,2014,03,11,0.941
082700,QD,2014,03,18,0.7141
082700,QD,2014,03,25,0.4364
082700,QD,2014,04,01,0.2433
082700,QD,2014,04,08,0.3917
082700,QD,2014,04,15,0.3899
082700,QD,2014,04,22,0.148
082700,QD,2014,04,29,0.124
082700,QD,2014,05,06,0.3476
082700,QD,2014,05,13,0.9131
082700,QD,2014,05,20,0.4356
082700,QD,2014,05,27,0.3986
082700,QD,2014,06,03,0.1239
082700,QD,2014,06,10,0.1137
082700,QD,2014,06,17,0.1117
082700,QD,2014,06,24,0.1419
082700,QD,2014,07,01,0.1101
082700,QD,2014,07,08,0.6861
082700,QD,2014,07,15,0.1113
082700,QD,2014,07,22,0.1149
082700,QD,2014,07,29,0.1124
082700,QD,2014,08,05,0.0981
082700,QD,2014,08,12,0.1326
082700,QD,2014,08,19,0.0976
082700,QD,2014,08,26,0.097
082700,QD,2014,09,02,0.341
082700,QD,2014,09,09,0.2124
082700,QD,2014,09,16,0.1759
082700,QD,2014,09,23,0.7911
082700,QD,2014,09,30,0.1191
082700,QD,2014,10,07,0.1036
082700,QD,2014,10,14,0.2424
082700,QD,2014,10,21,0.8379
082700,QD,2014,10,28,0.119
082700,QD,2014,11,04,0.1091
082700,QD,2014,11,11,0.1054
082700,QD,2014,11,18,0.1109
082700,QD,2014,11,25,0.0996
082700,QD,2014,12,02,0.0975
082700,QD,2014,12,09,0.2524
082700,QD,2014,12,16,0.707
082700,QD,2014,12,23,0.6917
082700,QD,2014,12,30,0.123
082700,QD,2015,01,06,1.2729
082700,QD,2015,01,13,0.2251
082700,QD,2015,01,20,0.1373
082700,QD,2015,01,27,0.1254
082700,QD,2015,02,03,0.1146
082700,QD,2015,02,10,0.1139
082700,QD,2015,02,17,0.1074
082700,QD,2015,02,24,0.1077
082700,QD,2015,03,03,0.1136
082700,QD,2015,03,10,0.1241
082700,QD,2015,03,17,0.3174
082700,QD,2015,03,24,1.6189
082700,QD,2015,03,31,0.3931
082700,QD,2015,04,07,0.6809
082700,QD,2015,04,14,1.0347
082700,QD,2015,04,21,0.7206
082700,QD,2015,04,28,0.5203
082700,QD,2015,05,05,0.4084
082700,QD,2015,05,12,0.1733
082700,QD,2015,05,19,0.1509
082700,QD,2015,05,26,0.1311
082700,QD,2015,06,02,0.1316
082700,QD,2015,06,09,0.1683
082700,QD,2015,06,16,0.205
082700,QD,2015,06,23,0.4486
082700,QD,2015,06,30,0.1089
082700,QD,2015,07,07,0.1055
082700,QD,2015,07,14,0.1144
082700,QD,2015,07,21,0.1032
082700,QD,2015,07,28,0.0992
082700,QD,2015,08,04,0.0974
082700,QD,2015,08,11,0.0961
082700,QD,2015,08,18,0.1436
082700,QD,2015,08,25,0.0925
082700,QD,2015,09,01,0.1909
082700,QD,2015,09,08,0.1327
082700,QD,2015,09,15,0.0929
082700,QD,2015,09,22,0.0895
082700,QD,2015,09,29,0.0864
082700,QD,2015,10,06,0.0872
082700,QD,2015,10,13,0.1411
082700,QD,2015,10,20,0.1396
082700,QD,2015,10,27,0.0925
082700,QD,2015,11,03,0.1369
082700,QD,2015,11,10,1.4681
082700,QD,2015,11,17,1.1591
082700,QD,2015,11,24,0.2173
082700,QD,2015,12,01,1.158
082700,QD,2015,12,08,0.3587
082700,QD,2015,12,15,0.4414
082700,QD,2015,12,22,0.1977
082700,QD,2015,12,29,0.1457
082700,QD,2016,01,05,0.1187
082700,QD,2016,01,12,0.115
082700,QD,2016,01,19,0.1229
082700,QD,2016,01,26,0.59
082700,QD,2016,02,02,0.7161
082700,QD,2016,02,09,0.3647
082700,QD,2016,02,16,0.7309
082700,QD,2016,02,23,0.4539
082700,QD,2016,03,01,0.1381
082700,QD,2016,03,08,0.1264
082700,QD,2016,03,15,0.1287
082700,QD,2016,03,22,0.18
082700,QD,2016,03,29,0.7714
082700,QD,2016,04,05,1.0973
082700,QD,2016,04,12,0.6543
082700,QD,2016,04,19,0.1874
082700,QD,2016,04,26,0.2113
082700,QD,2016,05,03,0.4263
082700,QD,2016,05,10,0.1353
082700,QD,2016,05,17,0.1227
082700,QD,2016,05,24,0.1219
082700,QD,2016,05,31,0.127
082700,QD,2016,06,07,0.1126
082700,QD,2016,06,14,0.2933
082700,QD,2016,06,21,0.1289
082700,QD,2016,06,28,0.1311
082700,QD,2016,07,05,0.1257
082700,QD,2016,07,12,1.2709
082700,QD,2016,07,19,0.1753
082700,QD,2016,07,26,0.2639
082700,QD,2016,08,02,0.1519
082700,QD,2016,08,09,0.131
082700,QD,2016,08,16,0.261
082700,QD,2016,08,23,0.123
082700,QD,2016,08,30,0.1161
082700,QD,2016,09,06,0.1335
082700,QD,2016,09,13,0.132
082700,QD,2016,09,20,0.106
082700,QD,2016,09,27,0.1008
082700,QD,2016,10,04,0.9841
082700,QD,2016,10,11,0.2397
082700,QD,2016,10,18,0.1687
082700,QD,2016,10,25,0.2464
082700,QD,2016,11,01,0.222
082700,QD,2016,11,08,0.1497
082700,QD,2016,11,15,0.4859
082700,QD,2016,11,22,0.171
082700,QD,2016,11,29,0.1744
082700,QD,2016,12,06,0.6204
082700,QD,2016,12,13,0.2709
082700,QD,2016,12,20,0.425
082700,QD,2016,12,27,0.3241
082700,QD,2017,01,03,0.1401
082700,QD,2017,01,10,0.132
082700,QD,2017,01,17,0.1251
082700,QD,2017,01,24,0.1181
082700,QD,2017,01,31,0.1209
082700,QD,2017,02,07,0.1134
082700,QD,2017,02,14,0.1104
082700,QD,2017,02,21,1.0893
082700,QD,2017,02,28,0.2434
082700,QD,2017,03,07,0.2161
082700,QD,2017,03,14,0.7121
082700,QD,2017,03,21,0.773
082700,QD,2017,03,28,1.8126
082700,QD,2017,04,04,1.5029
082700,QD,2017,04,11,0.829
082700,QD,2017,04,18,0.3454
082700,QD,2017,04,25,0.318
082700,QD,2017,05,02,0.4173
082700,QD,2017,05,09,0.2557
082700,QD,2017,05,16,0.1771
082700,QD,2017,05,23,0.1519
082700,QD,2017,05,30,0.1354
082700,QD,2017,06,06,0.1864
082700,QD,2017,06,13,0.1356
082700,QD,2017,06,20,0.1254
082700,QD,2017,06,27,0.2033
082700,QD,2017,07,04,0.165
082700,QD,2017,07,11,0.4801
082700,QD,2017,07,18,0.116
082700,QD,2017,07,25,0.3276
082700,QD,2017,08,01,0.1603
082700,QD,2017,08,08,0.146
082700,QD,2017,08,15,0.1203
082700,QD,2017,08,22,0.1111
082700,QD,2017,08,29,0.3279
082700,QD,2017,09,05,0.1761
082700,QD,2017,09,12,0.4873
082700,QD,2017,09,19,0.1819
082700,QD,2017,09,26,0.1619
082700,QD,2017,10,03,0.9494
082700,QD,2017,10,10,0.3776
082700,QD,2017,10,17,0.195
082700,QD,2017,10,24,1.8307
082700,QD,2017,10,31,0.4721
082700,QD,2017,11,07,0.2947
082700,QD,2017,11,14,0.2226
082700,QD,2017,11,21,0.6807
082700,QD,2017,11,28,0.212
082700,QD,2017,12,05,0.2443
082700,QD,2017,12,12,0.2691
082700,QD,2017,12,19,0.4311
082700,QD,2017,12,26,0.4617
082700,QD,2018,01,02,0.4709
082700,QD,2018,01,09,0.4031
082700,QD,2018,01,16,0.2151
082700,QD,2018,01,23,0.2729
082700,QD,2018,01,30,0.4567
082700,QD,2018,02,06,0.1973
082700,QD,2018,02,13,0.1743
082700,QD,2018,02,20,0.1577
082700,QD,2018,02,27,0.1436
082700,QD,2018,03,06,0.1736
082700,QD,2018,03,13,0.5034
082700,QD,2018,03,20,0.1393
082700,QD,2018,03,27,0.2284
082700,QD,2018,04,03,1.1529
082700,QD,2018,04,10,1.6869
082700,QD,2018,04,17,0.4286
082700,QD,2018,04,24,0.1671
082700,QD,2018,05,01,0.1289
082700,QD,2018,05,08,0.1229
082700,QD,2018,05,15,0.1629
082700,QD,2018,05,22,0.1106
082700,QD,2018,05,29,0.1059
082700,QD,2018,06,05,0.1035
082700,QD,2018,06,12,0.1071
082700,QD,2018,06,19,0.214
082700,QD,2018,06,26,0.1599
082700,QD,2018,07,03,0.0939
082700,QD,2018,07,10,0.5114
082700,QD,2018,07,17,0.1641
082700,QD,2018,07,24,0.0935
082700,QD,2018,07,31,0.0859
082700,QD,2018,08,07,0.0835
082700,QD,2018,08,14,0.0815
082700,QD,2018,08,21,0.0841
082700,QD,2018,08,28,0.0863
082700,QD,2018,09,04,0.0806
082700,QD,2018,09,11,0.0754
082700,QD,2018,09,18,0.0946
082700,QD,2018,09,25,0.0816
082700,QD,2018,10,02,0.0805
082700,QD,2018,10,09,0.0727
082700,QD,2018,10,16,0.0716
082700,QD,2018,10,23,0.2619
082700,QD,2018,10,30,0.2013
082700,QD,2018,11,06,0.0879
082700,QD,2018,11,13,0.0819
082700,QD,2018,11,20,0.0786
082700,QD,2018,11,27,0.0789
082700,QD,2018,12,04,0.6539
082700,QD,2018,12,11,0.1575
082700,QD,2018,12,18,0.7992
082700,QD,2018,12,25,0.3567
082700,QD,2019,01,01,0.4783
082700,QD,2019,01,08,0.1471
082700,QD,2019,01,15,0.125
082700,QD,2019,01,22,0.1121
082700,QD,2019,01,29,0.2089
082700,QD,2019,02,05,0.1209
082700,QD,2019,02,12,0.181
082700,QD,2019,02,19,0.6991
082700,QD,2019,02,26,0.5316
082700,QD,2019,03,05,0.659
082700,QD,2019,03,12,0.5179
082700,QD,2019,03,19,0.5294
082700,QD,2019,03,26,0.7616
082700,QD,2019,04,02,1.8131
082700,QD,2019,04,09,0.6917
082700,QD,2019,04,16,1.1134
082700,QD,2019,04,23,1.7589
082700,QD,2019,04,30,0.6911
082700,QD,2019,05,07,0.4323
082700,QD,2019,05,14,0.3483
082700,QD,2019,05,21,1.3463
082700,QD,2019,05,28,0.824
082700,QD,2019,06,04,0.178
082700,QD,2019,06,11,0.1513
082700,QD,2019,06,18,0.1284
082700,QD,2019,06,25,0.113
082700,QD,2019,07,02,0.1066
082700,QD,2019,07,09,0.1203
082700,QD,2019,07,16,0.1073
082700,QD,2019,07,23,0.0937
082700,QD,2019,07,30,0.0929
082700,QD,2019,08,06,0.096
082700,QD,2019,08,13,0.0908
082700,QD,2019,08,20,0.1034
082700,QD,2019,08,27,0.0871
082700,QD,2019,09,03,0.1046
082700,QD,2019,09,10,0.1506
082700,QD,2019,09,17,0.0825
082700,QD,2019,09,24,0.1024
082700,QD,2019,10,01,0.2843
082700,QD,2019,10,08,0.4304
082700,QD,2019,10,15,0.1029
082700,QD,2019,10,22,0.088
082700,QD,2019,10,29,0.0944
082700,QD,2019,11,05,0.1697
082700,QD,2019,11,12,0.3274
082700,QD,2019,11,19,0.1324
082700,QD,2019,11,26,0.1607
082700,QD,2019,12,03,0.2132
082700,QD,2019,12,10,0.2287
082700,QD,2019,12,17,0.4103
082700,QD,2019,12,24,0.3631
082700,QD,2019,12,31,0.1319
082700,QD,2020,01,07,0.3136
082700,QD,2020,01,14,0.1304
082700,QD,2020,01,21,0.1113
082700,QD,2020,01,28,0.88
082700,QD,2020,02,04,0.508
082700,QD,2020,02,11,0.2241
082700,QD,2020,02,18,0.9544
082700,QD,2020,02,25,0.6891
082700,QD,2020,03,03,0.1893
082700,QD,2020,03,10,0.9843
082700,QD,2020,03,17,0.3863
082700,QD,2020,03,24,0.213
082700,QD,2020,03,31,0.2
082700,QD,2020,04,07,0.6984
082700,QD,2020,04,14,0.3149
082700,QD,2020,04,21,0.173
082700,QD,2020,04,28,0.2479
082700,QD,2020,05,05,0.2464
082700,QD,2020,05,12,0.3054
082700,QD,2020,05,19,0.2377
082700,QD,2020,05,26,0.3187
082700,QD,2020,06,02,0.1671
082700,QD,2020,06,09,0.4719
082700,QD,2020,06,16,1.5184
082700,QD,2020,06,23,0.3759
082700,QD,2020,06,30,0.177
082700,QD,2020,07,07,0.138
082700,QD,2020,07,14,0.1269
082700,QD,2020,07,21,0.118
082700,QD,2020,07,28,0.1221
082700,QD,2020,08,04,0.1283
082700,QD,2020,08,11,0.1086
082700,QD,2020,08,18,0.0999
082700,QD,2020,08,25,0.1495
082700,QD,2020,09,01,0.1654
082700,QD,2020,09,08,0.0957
082700,QD,2020,09,15,0.0881
082700,QD,2020,09,22,0.1148
082700,QD,2020,09,29,0.1638
082700,QD,2020,10,06,0.2404
082700,QD,2020,10,13,1.289
082700,QD,2020,10,20,0.162
082700,QD,2020,10,27,1.3193
082700,QD,2020,11,03,0.2551
082700,QD,2020,11,10,0.1366
082700,QD,2020,11,17,0.1581
082700,QD,2020,11,24,0.139
082700,QD,2020,12,01,0.2373
082700,QD,2020,12,08,0.1726
082700,QD,2020,12,15,0.1187
082700,QD,2020,12,22,0.565
